Workbook

Sheet Hướng dẫn
A1: Product Backlog – CamHub v1.0
A2: Phiên bản | B2: 0.1 · 23/10/2026 · nguồn chi tiết: User_Stories_IP_Camera_Web.md
A4: Cách dùng
A5: 1 | B5: Sheet "Backlog": mỗi dòng là một enabler (TS) hoặc user story (US). Cập nhật các ô nền vàng: Điểm, Sprint, Trạng thái, Người phụ trách.
A6: 2 | B6: Cột "Mốc" tự tra theo Sprint từ sheet "Kế hoạch sprint"; không nhập tay.
A7: 3 | B7: Sheet "Kế hoạch sprint": đổi năng lực mặc định ở ô B2 (hiện 30 điểm). Cột tỷ lệ tô đỏ khi sprint vượt năng lực.
A8: 4 | B8: Sheet "Epic" và "Mốc" tự tổng hợp từ Backlog bằng công thức.
A10: Trạng thái
A11: To Do | B11: Chưa bắt đầu
A12: In Progress | B12: Đang làm
A13: In Review | B13: Đang review code / chờ PO chấp nhận
A14: Done | B14: Đạt Definition of Done
A15: Blocked | B15: Bị chặn; ghi lý do ở cột Ghi chú
A17: Definition of Ready
A18: • | B18: Story viết theo mẫu "Là … tôi muốn … để …" và đáp ứng INVEST
A19: • | B19: Có tiêu chí chấp nhận Given/When/Then, PO đã đồng ý
A20: • | B20: Đã ước lượng story point (thang Fibonacci 1, 2, 3, 5, 8; story > 8 phải tách)
A21: • | B21: Phụ thuộc đã xong hoặc nằm cùng sprint, đứng trước
A22: • | B22: Có màn hình tham chiếu trong design/ (nếu có giao diện)
A23: • | B23: Câu hỏi mở liên quan đã được trả lời hoặc ghi giả định
A25: Definition of Done
A26: • | B26: Code đã review, merge vào main, pipeline CI xanh (gồm kiểm tra kiến trúc)
A27: • | B27: Unit test cho logic nghiệp vụ; test tự động cho từng kịch bản Given/When/Then
A28: • | B28: Kiểm tra quyền ở API (không chỉ ẩn nút trên giao diện); thao tác quan trọng ghi nhật ký
A29: • | B29: Giao diện có tiếng Việt và tiếng Anh, dùng được ở 360px, đúng màn hình trong design/
A30: • | B30: Không còn lỗi mức nghiêm trọng/cao; quét phụ thuộc không có lỗ hổng mức cao
A31: • | B31: Tài liệu API (OpenAPI) cập nhật; PO chấp nhận trên môi trường staging
A33: Giả định | B33: Năng lực 30 điểm/sprint 2 tuần; điểm do BA ước lượng ban đầu, đội phát triển cần ước lượng lại.

Sheet Kế hoạch sprint
A1: Kế hoạch sprint (2 tuần/sprint)
A2: Năng lực mặc định (điểm/sprint) | B2: 30 | C2: Nguồn: giả định đội 5–6 người (đã chốt với người dùng 23/10/2026)
A4: Sprint | B4: Mốc | C4: Mục tiêu sprint | D4: Năng lực | E4: Điểm kế hoạch | F4: Tỷ lệ sử dụng | G4: Số item | H4: Điểm Done | I4: Điểm còn lại
A5: S0 | B5: M0 – PoC & nền tảng | C5: Dựng khung dự án, môi trường Docker Compose, PoC MediaMTX, nền tảng Core | D5: =$B$2 | E5: =SUMIFS(Backlog!$G$2:$G$53,Backlog!$H$2:$H$53,A5) | F5: =IF(D5=0,"-",E5/D5) | G5: =COUNTIFS(Backlog!$H$2:$H$53,A5) | H5: =SUMIFS(Backlog!$G$2:$G$53,Backlog!$H$2:$H$53,A5,Backlog!$J$2:$J$53,"Done") | I5: =E5-H5
A6: S1 | B6: M1 – Alpha | C6: Đăng nhập, cây địa điểm và phân quyền theo phạm vi | D6: =$B$2 | E6: =SUMIFS(Backlog!$G$2:$G$53,Backlog!$H$2:$H$53,A6) | F6: =IF(D6=0,"-",E6/D6) | G6: =COUNTIFS(Backlog!$H$2:$H$53,A6) | H6: =SUMIFS(Backlog!$G$2:$G$53,Backlog!$H$2:$H$53,A6,Backlog!$J$2:$J$53,"Done") | I6: =E6-H6
A7: S2 | B7: M1 – Alpha | C7: 2FA, nhật ký; thêm camera (thủ công, dò tìm) và theo dõi trạng thái | D7: =$B$2 | E7: =SUMIFS(Backlog!$G$2:$G$53,Backlog!$H$2:$H$53,A7) | F7: =IF(D7=0,"-",E7/D7) | G7: =COUNTIFS(Backlog!$H$2:$H$53,A7) | H7: =SUMIFS(Backlog!$G$2:$G$53,Backlog!$H$2:$H$53,A7,Backlog!$J$2:$J$53,"Done") | I7: =E7-H7
A8: S3 | B8: M1 – Alpha | C8: Xem trực tiếp: lưới, bố cục, PTZ, preset | D8: =$B$2 | E8: =SUMIFS(Backlog!$G$2:$G$53,Backlog!$H$2:$H$53,A8) | F8: =IF(D8=0,"-",E8/D8) | G8: =COUNTIFS(Backlog!$H$2:$H$53,A8) | H8: =SUMIFS(Backlog!$G$2:$G$53,Backlog!$H$2:$H$53,A8,Backlog!$J$2:$J$53,"Done") | I8: =E8-H8
A9: S4 | B9: M1 – Alpha | C9: Ghi hình, timeline, phát lại, thời gian lưu trữ; cấu hình luồng | D9: =$B$2 | E9: =SUMIFS(Backlog!$G$2:$G$53,Backlog!$H$2:$H$53,A9) | F9: =IF(D9=0,"-",E9/D9) | G9: =COUNTIFS(Backlog!$H$2:$H$53,A9) | H9: =SUMIFS(Backlog!$G$2:$G$53,Backlog!$H$2:$H$53,A9,Backlog!$J$2:$J$53,"Done") | I9: =E9-H9
A10: S5 | B10: M1 – Alpha | C10: Xuất clip, vùng chuyển động, cảnh báo hệ thống, tổng quan, sao lưu | D10: =$B$2 | E10: =SUMIFS(Backlog!$G$2:$G$53,Backlog!$H$2:$H$53,A10) | F10: =IF(D10=0,"-",E10/D10) | G10: =COUNTIFS(Backlog!$H$2:$H$53,A10) | H10: =SUMIFS(Backlog!$G$2:$G$53,Backlog!$H$2:$H$53,A10,Backlog!$J$2:$J$53,"Done") | I10: =E10-H10
A11: S6 | B11: M2 – Beta pilot | C11: Bộ kết nối địa điểm, đầu ghi NVR, chất lượng luồng, tiện ích xem | D11: =$B$2 | E11: =SUMIFS(Backlog!$G$2:$G$53,Backlog!$H$2:$H$53,A11) | F11: =IF(D11=0,"-",E11/D11) | G11: =COUNTIFS(Backlog!$H$2:$H$53,A11) | H11: =SUMIFS(Backlog!$G$2:$G$53,Backlog!$H$2:$H$53,A11,Backlog!$J$2:$J$53,"Done") | I11: =E11-H11
A12: S7 | B12: M2 – Beta pilot | C12: Cảnh báo đa kênh và xử lý; xem lại từ thiết bị | D12: =$B$2 | E12: =SUMIFS(Backlog!$G$2:$G$53,Backlog!$H$2:$H$53,A12) | F12: =IF(D12=0,"-",E12/D12) | G12: =COUNTIFS(Backlog!$H$2:$H$53,A12) | H12: =SUMIFS(Backlog!$G$2:$G$53,Backlog!$H$2:$H$53,A12,Backlog!$J$2:$J$53,"Done") | I12: =E12-H12
A13: S8 | B13: M2 – Beta pilot | C13: Đồng bộ nhiều camera, cấu hình mẫu, vai trò tùy chỉnh, LDAP/AD | D13: =$B$2 | E13: =SUMIFS(Backlog!$G$2:$G$53,Backlog!$H$2:$H$53,A13) | F13: =IF(D13=0,"-",E13/D13) | G13: =COUNTIFS(Backlog!$H$2:$H$53,A13) | H13: =SUMIFS(Backlog!$G$2:$G$53,Backlog!$H$2:$H$53,A13,Backlog!$J$2:$J$53,"Done") | I13: =E13-H13
A14: S9 | B14: M3 – GA | C14: Story Could, kiểm thử tải và bảo mật, sửa lỗi pilot, UAT | D14: =$B$2 | E14: =SUMIFS(Backlog!$G$2:$G$53,Backlog!$H$2:$H$53,A14) | F14: =IF(D14=0,"-",E14/D14) | G14: =COUNTIFS(Backlog!$H$2:$H$53,A14) | H14: =SUMIFS(Backlog!$G$2:$G$53,Backlog!$H$2:$H$53,A14,Backlog!$J$2:$J$53,"Done") | I14: =E14-H14
A15: Tổng | D15: =SUM(D5:D14) | E15: =SUM(E5:E14) | F15: =IF(D15=0,"-",E15/D15) | G15: =SUM(G5:G14) | H15: =SUM(H5:H14) | I15: =SUM(I5:I14)
A16: Kiểm tra: điểm của item chưa xếp sprint | E16: =SUM(Backlog!$G$2:$G$53)-E15

Sheet Backlog
A1: ID | B1: Loại | C1: Epic | D1: Tiêu đề | E1: User story | F1: Ưu tiên | G1: Điểm | H1: Sprint | I1: Mốc | J1: Trạng thái | K1: Phụ thuộc | L1: BR | M1: Use case | N1: Màn hình | O1: Thành phần SADD | P1: Tiêu chí chấp nhận (Gherkin) | Q1: Người phụ trách | R1: Ghi chú kỹ thuật
A2: TS-01 | B2: Enabler | C2: EP-00 Nền tảng kỹ thuật (enabler) | D2: Khung dự án và CI/CD | E2: Là Đội phát triển, tôi muốn có repo, build, lint, test và kiểm tra kiến trúc tự động cho Core, Gateway, Worker, Web, để mọi story sau dùng chung một quy trình chất lượng. | F2: Must | G2: 5 | H2: S0 | I2: =IFERROR(VLOOKUP(H2,'Kế hoạch sprint'!$A$5:$B$14,2,FALSE),"") | J2: To Do | K2: — | L2: — | M2: — | N2: — | O2: 3.8 Structure; 3.4 Dependency | P2: Kịch bản: Pipeline chạy khi có pull request Giả sử một pull request vào nhánh main Khi pipeline CI chạy Thì build, unit test, lint và kiểm tra kiến trúc của cả 4 thành phần đều chạy Và pull request bị chặn nếu một bước thất bại Kịch bản: Phát hiện phụ thuộc vòng giữa module Giả sử module recording gọi trực tiếp repository của module device Khi kiểm tra kiến trúc chạy Thì build thất bại và chỉ ra vi phạm | R2: Monorepo theo SADD 3.8; Gradle + ArchUnit/Spring Modulith (cấm phụ thuộc vòng), pytest, Vitest; quét phụ thuộc OWASP/pip-audit/npm audit.
A3: TS-02 | B3: Enabler | C3: EP-00 Nền tảng kỹ thuật (enabler) | D3: Môi trường Docker Compose dev/staging | E3: Là Đội phát triển, tôi muốn dựng toàn bộ hệ thống bằng một lệnh, để mọi người phát triển và kiểm thử trên cùng cấu hình. | F3: Must | G3: 5 | H3: S0 | I3: =IFERROR(VLOOKUP(H3,'Kế hoạch sprint'!$A$5:$B$14,2,FALSE),"") | J3: To Do | K3: TS-01 | L3: — | M3: — | N3: — | O3: 3.2 Composition; 3.12.2 Triển khai | P3: Kịch bản: Khởi động môi trường Giả sử máy có Docker Khi chạy docker compose up Thì mọi container ở trạng thái healthy trong 3 phút Và trang đăng nhập mở được qua https://localhost | R3: nginx, core, device-gateway, media-worker, mediamtx, postgres, redis, rabbitmq, minio, tunnel-server; secret qua Docker secret; healthcheck cho mọi container.
A4: TS-03 | B4: Enabler | C4: EP-00 Nền tảng kỹ thuật (enabler) | D4: PoC MediaMTX: WHEP, xác thực ngoài, ghi hình, chuyển mã | E4: Là Solution Architect, tôi muốn kiểm chứng MediaMTX với camera thật và luồng giả lập, để xác nhận ADR-03 và giảm rủi ro AR-01 trước khi làm tính năng video. | F4: Must | G4: 8 | H4: S0 | I4: =IFERROR(VLOOKUP(H4,'Kế hoạch sprint'!$A$5:$B$14,2,FALSE),"") | J4: To Do | K4: TS-02 | L4: BR-08, BR-14 | M4: UC-20, UC-31 | N4: — | O4: ADR-03, AR-01, 3.9.2 | P4: Kịch bản: Đạt ngưỡng hiệu năng Giả sử 50 camera thật và 450 luồng RTSP giả lập Khi 20 phiên WHEP mở đồng thời Thì first frame trung vị ≤ 3 giây và độ trễ ≤ 2 giây trong LAN Và CPU media node ≤ 70% Kịch bản: Xác thực từng phiên xem Giả sử MediaMTX cấu hình xác thực HTTP tới Core Khi trình duyệt gửi WHEP offer với token sai Thì MediaMTX từ chối phiên xem | R4: Đo first frame, độ trễ, CPU/RAM với 50 camera thật + 500 luồng giả lập; thử authHTTP, hook hoàn tất đoạn ghi, chuyển mã H.265→H.264. Kết quả ghi vào báo cáo PoC.
A5: TS-04 | B5: Enabler | C5: EP-00 Nền tảng kỹ thuật (enabler) | D5: Nền tảng Core: ngữ cảnh Tổ chức, RLS, outbox, mã hóa, sự kiện nhật ký | E5: Là Đội phát triển, tôi muốn có module platform dùng chung, để mọi module nghiệp vụ tự động đáp ứng INV-01, INV-17 và ghi nhật ký. | F5: Must | G5: 8 | H5: S0 | I5: =IFERROR(VLOOKUP(H5,'Kế hoạch sprint'!$A$5:$B$14,2,FALSE),"") | J5: To Do | K5: TS-01 | L5: BR-30; ràng buộc SaaS | M5: — | N5: — | O5: 3.5 Information; 3.6 Patterns | P5: Kịch bản: Cách ly dữ liệu theo Tổ chức Giả sử 2 Tổ chức A và B có dữ liệu camera Khi một truy vấn chạy với ngữ cảnh Tổ chức A Thì chỉ trả về camera của A, kể cả khi truy vấn quên lọc organization_id Kịch bản: Không mất sự kiện khi broker lỗi Giả sử RabbitMQ đang dừng Khi một giao dịch nghiệp vụ ghi sự kiện vào outbox Thì sự kiện được gửi đi khi RabbitMQ hoạt động lại | R5: organization_id + PostgreSQL RLS; transactional outbox → RabbitMQ; AES-256-GCM envelope encryption; AuditableEvent; Flyway baseline.
A6: TS-05 | B6: Enabler | C6: EP-00 Nền tảng kỹ thuật (enabler) | D6: Khung Device Gateway và bộ kiểm thử tương thích ONVIF | E6: Là Đội phát triển, tôi muốn có dịch vụ Python giao tiếp ONVIF và bộ test chạy trên danh sách camera mẫu, để phát hiện sớm khác biệt giữa các hãng (R-01, AR-02). | F6: Must | G6: 5 | H6: S1 | I6: =IFERROR(VLOOKUP(H6,'Kế hoạch sprint'!$A$5:$B$14,2,FALSE),"") | J6: To Do | K6: TS-02 | L6: BR-01, BR-27 | M6: UC-10, UC-40 | N6: — | O6: 3.3 Gateway modules; 3.7.3 | P6: Kịch bản: Báo cáo tương thích Giả sử danh sách camera kiểm thử của ít nhất 5 hãng Khi chạy bộ kiểm thử tương thích Thì có báo cáo theo model: luồng, PTZ, cấu hình, sự kiện, Profile G hỗ trợ hay không | R6: FastAPI + onvif-zeep async; endpoint /discover, /capabilities; mTLS với Core; báo cáo tương thích theo model (D-04).
A7: TS-06 | B7: Enabler | C7: EP-00 Nền tảng kỹ thuật (enabler) | D7: Tunnel Server và Site Connector | E7: Là Đội phát triển, tôi muốn có đường hầm ngược qua WSS 443 từ địa điểm về máy chủ, để Device Gateway và MediaMTX truy cập được camera sau NAT (ADR-10). | F7: Should | G7: 8 | H7: S6 | I7: =IFERROR(VLOOKUP(H7,'Kế hoạch sprint'!$A$5:$B$14,2,FALSE),"") | J7: To Do | K7: TS-02, TS-05 | L7: BR-06 | M7: UC-15, UC-10 | N7: — | O7: ADR-10; 3.9.5 | P7: Kịch bản: Kết nối chỉ qua cổng 443 Giả sử địa điểm chỉ cho phép kết nối ra ngoài cổng 443 Khi Site Connector khởi động Thì đường hầm được thiết lập và máy chủ đọc được luồng RTSP của camera trong LAN địa điểm | R7: chisel hoặc tương đương; Connector chạy dò tìm WS-Discovery tại chỗ; theo dõi băng thông từng Connector (AR-06).
A8: TS-07 | B8: Enabler | C8: EP-00 Nền tảng kỹ thuật (enabler) | D8: Giám sát và log tập trung | E8: Là Đội vận hành IT, tôi muốn có Prometheus, Grafana, Loki với dashboard cơ bản, để phát hiện sự cố và đo NFR từ sớm. | F8: Must | G8: 3 | H8: S0 | I8: =IFERROR(VLOOKUP(H8,'Kế hoạch sprint'!$A$5:$B$14,2,FALSE),"") | J8: To Do | K8: TS-02 | L8: NFR-04 | M8: UC-60 | N8: — | O8: 3.2; 6.1 | P8: Kịch bản: Cảnh báo vận hành Giả sử container core dừng quá 1 phút Khi Prometheus đánh giá rule Thì đội vận hành nhận cảnh báo | R8: Metrics JVM, MediaMTX, RabbitMQ queue depth, PostgreSQL; log JSON có correlation id.
A9: TS-08 | B9: Enabler | C9: EP-00 Nền tảng kỹ thuật (enabler) | D9: Kiểm thử tải và hỗ trợ kiểm thử xâm nhập trước GA | E9: Là Đội kiểm thử, tôi muốn chạy kiểm thử tải 500 camera/100 người dùng và kiểm thử xâm nhập theo OWASP ASVS L2, để đủ điều kiện nghiệm thu GA (PNFR-08, NFR-03). | F9: Must | G9: 8 | H9: S9 | I9: =IFERROR(VLOOKUP(H9,'Kế hoạch sprint'!$A$5:$B$14,2,FALSE),"") | J9: To Do | K9: Mọi story M1, M2 | L9: NFR-01 đến NFR-05 | M9: — | N9: — | O9: 4 Bảo mật; 6.1 | P9: Kịch bản: Đạt NFR dưới tải Giả sử 500 camera và 100 người dùng đồng thời Khi chạy kịch bản tải 1 giờ Thì NFR-01, NFR-02 đạt ở phân vị 95 Kịch bản: Không còn lỗi bảo mật nghiêm trọng Giả sử báo cáo kiểm thử xâm nhập Khi review trước GA Thì không còn lỗi mức nghiêm trọng/cao chưa xử lý | R9: Gatling cho API, giả lập RTSP; diễn tập khôi phục (NFR-10).
A10: US-01 | B10: Story | C10: EP-01 Kết nối và quản lý camera | D10: Dò tìm camera ONVIF | E10: Là Technician, tôi muốn hệ thống tự tìm camera trong mạng của địa điểm, để không phải nhập IP từng camera. | F10: Must | G10: 8 | H10: S2 | I10: =IFERROR(VLOOKUP(H10,'Kế hoạch sprint'!$A$5:$B$14,2,FALSE),"") | J10: To Do | K10: TS-05, US-02, US-05 | L10: BR-01 | M10: UC-10 | N10: cameras.html (Dò tìm ONVIF) | O10: Core device; Device Gateway discovery | P10: Kịch bản: Tìm thấy camera Giả sử địa điểm Kho Bắc Ninh có 3 camera ONVIF chưa thêm Khi Technician bấm "Dò tìm" Thì trong ≤ 30 giây danh sách hiển thị IP, hãng, model, MAC của 3 camera Kịch bản: Camera đã thêm Giả sử camera 10.20.1.11 đã có trong hệ thống Khi kết quả dò tìm hiển thị Thì camera đó được đánh dấu "Đã thêm" và không chọn được Kịch bản: Một camera sai mật khẩu Giả sử Technician chọn 3 camera và nhập tài khoản chung Khi một camera từ chối đăng nhập Thì 2 camera được thêm thành công Và camera lỗi hiển thị "Sai mật khẩu" kèm nút nhập lại | R10: WS-Discovery; với địa điểm sau NAT dùng Site Connector (TS-06, S6). Thiết bị đã thêm nhận diện theo MAC.
A11: US-02 | B11: Story | C11: EP-01 Kết nối và quản lý camera | D11: Thêm camera thủ công | E11: Là Technician, tôi muốn thêm camera bằng IP/cổng/tài khoản hoặc URL RTSP, để kết nối được camera không bật ONVIF. | F11: Must | G11: 5 | H11: S2 | I11: =IFERROR(VLOOKUP(H11,'Kế hoạch sprint'!$A$5:$B$14,2,FALSE),"") | J11: To Do | K11: TS-04, TS-05, US-05 | L11: BR-02 | M11: UC-11 | N11: cameras.html (Thêm thủ công) | O11: Core device; Device Gateway capabilities; MediaMTX path | P11: Kịch bản: Kiểm tra kết nối thành công Giả sử Technician nhập IP, cổng, tài khoản đúng Khi bấm "Kiểm tra kết nối" Thì trong ≤ 10 giây hiển thị khung hình xem trước Và nút "Lưu camera" được bật Kịch bản: Kiểm tra kết nối thất bại Giả sử địa chỉ IP không tới được Khi bấm "Kiểm tra kết nối" Thì hiển thị lỗi "Không tới được địa chỉ" Và chỉ lưu được khi tick "Lưu dù chưa kết nối" | R11: Mật khẩu mã hóa khi lưu (INV-17); camera RTSP chỉ xem/ghi (INV-03).
A12: US-03 | B12: Story | C12: EP-01 Kết nối và quản lý camera | D12: Thêm đầu ghi NVR/DVR | E12: Là Technician, tôi muốn thêm một đầu ghi và nhận mọi kênh, để không phải thêm từng camera. | F12: Should | G12: 5 | H12: S6 | I12: =IFERROR(VLOOKUP(H12,'Kế hoạch sprint'!$A$5:$B$14,2,FALSE),"") | J12: To Do | K12: US-02 | L12: BR-03 | M12: UC-12 | N12: cameras.html (Thêm đầu ghi) | O12: Core device (Recorder); Device Gateway | P12: Kịch bản: Chọn kênh Giả sử đầu ghi 16 kênh, 3 kênh có tín hiệu Khi Technician thêm đầu ghi và chọn 3 kênh Thì 3 camera được tạo với tên kênh lấy từ đầu ghi Kịch bản: Đầu ghi mất kết nối Giả sử đầu ghi đang có 3 kênh Khi đầu ghi mất kết nối Thì cả 3 camera chuyển trạng thái "Mất kết nối" | R12: Mỗi kênh là một Camera liên kết Recorder; trạng thái kênh theo đầu ghi.
A13: US-04 | B13: Story | C13: EP-01 Kết nối và quản lý camera | D13: Trạng thái camera | E13: Là Operator, tôi muốn thấy camera nào đang mất kết nối, để báo kỹ thuật kịp thời. | F13: Must | G13: 5 | H13: S2 | I13: =IFERROR(VLOOKUP(H13,'Kế hoạch sprint'!$A$5:$B$14,2,FALSE),"") | J13: To Do | K13: US-02 | L13: BR-04 | M13: UC-16 | N13: dashboard.html; cameras.html | O13: Core device; Device Gateway events; WebSocket /topic camera-status | P13: Kịch bản: Cập nhật trạng thái Giả sử camera Kho số 7 đang trực tuyến Khi camera mất kết nối lúc 14:32 Thì trong ≤ 60 giây trạng thái chuyển "Mất kết nối" kèm "từ 14:32" Kịch bản: Tổng quan theo địa điểm Giả sử Kho Bắc Ninh có 7 camera, 2 mất kết nối Khi mở trang Tổng quan Thì địa điểm hiển thị "5 / 7" trực tuyến | R13: Kiểm tra định kỳ + sự kiện ONVIF; đẩy WebSocket.
... A53: US-42 | B53: Story | C53: EP-07 Nền tảng và sẵn sàng SaaS | D53: Trung tâm thông báo trên web | E53: Là Operator, tôi muốn thấy cảnh báo mới ngay trên web, để không bỏ sót khi đang xem camera. | F53: Should | G53: 3 | H53: S7 | I53: =IFERROR(VLOOKUP(H53,'Kế hoạch sprint'!$A$5:$B$14,2,FALSE),"") | J53: To Do | K53: US-34 | L53: BR-32 | M53: UC-51, UC-52 | N53: Thanh trên cùng (chuông); alerts.html | O53: WebSocket /user/queue/alerts | P53: Kịch bản: Cảnh báo mới Giả sử Operator đang ở màn hình Xem trực tiếp Khi có cảnh báo mới trong phạm vi của Operator Thì chuông tăng số đếm và hiện toast kèm liên kết | R53: Toast + âm báo bật/tắt được.

Sheet Epic
A1: Epic | B1: Số item | C1: Tổng điểm | D1: Must | E1: Should | F1: Could | G1: Điểm Done | H1: Tiến độ
A2: EP-00 Nền tảng kỹ thuật (enabler) | B2: =COUNTIFS(Backlog!$C$2:$C$53,A2) | C2: =SUMIFS(Backlog!$G$2:$G$53,Backlog!$C$2:$C$53,A2) | D2: =SUMIFS(Backlog!$G$2:$G$53,Backlog!$C$2:$C$53,A2,Backlog!$F$2:$F$53,"Must") | E2: =SUMIFS(Backlog!$G$2:$G$53,Backlog!$C$2:$C$53,A2,Backlog!$F$2:$F$53,"Should") | F2: =SUMIFS(Backlog!$G$2:$G$53,Backlog!$C$2:$C$53,A2,Backlog!$F$2:$F$53,"Could") | G2: =SUMIFS(Backlog!$G$2:$G$53,Backlog!$C$2:$C$53,A2,Backlog!$J$2:$J$53,"Done") | H2: =IF(C2=0,"-",G2/C2)
A3: EP-01 Kết nối và quản lý camera | B3: =COUNTIFS(Backlog!$C$2:$C$53,A3) | C3: =SUMIFS(Backlog!$G$2:$G$53,Backlog!$C$2:$C$53,A3) | D3: =SUMIFS(Backlog!$G$2:$G$53,Backlog!$C$2:$C$53,A3,Backlog!$F$2:$F$53,"Must") | E3: =SUMIFS(Backlog!$G$2:$G$53,Backlog!$C$2:$C$53,A3,Backlog!$F$2:$F$53,"Should") | F3: =SUMIFS(Backlog!$G$2:$G$53,Backlog!$C$2:$C$53,A3,Backlog!$F$2:$F$53,"Could") | G3: =SUMIFS(Backlog!$G$2:$G$53,Backlog!$C$2:$C$53,A3,Backlog!$J$2:$J$53,"Done") | H3: =IF(C3=0,"-",G3/C3)
A4: EP-02 Xem trực tiếp | B4: =COUNTIFS(Backlog!$C$2:$C$53,A4) | C4: =SUMIFS(Backlog!$G$2:$G$53,Backlog!$C$2:$C$53,A4) | D4: =SUMIFS(Backlog!$G$2:$G$53,Backlog!$C$2:$C$53,A4,Backlog!$F$2:$F$53,"Must") | E4: =SUMIFS(Backlog!$G$2:$G$53,Backlog!$C$2:$C$53,A4,Backlog!$F$2:$F$53,"Should") | F4: =SUMIFS(Backlog!$G$2:$G$53,Backlog!$C$2:$C$53,A4,Backlog!$F$2:$F$53,"Could") | G4: =SUMIFS(Backlog!$G$2:$G$53,Backlog!$C$2:$C$53,A4,Backlog!$J$2:$J$53,"Done") | H4: =IF(C4=0,"-",G4/C4)
A5: EP-03 Ghi hình và xem lại | B5: =COUNTIFS(Backlog!$C$2:$C$53,A5) | C5: =SUMIFS(Backlog!$G$2:$G$53,Backlog!$C$2:$C$53,A5) | D5: =SUMIFS(Backlog!$G$2:$G$53,Backlog!$C$2:$C$53,A5,Backlog!$F$2:$F$53,"Must") | E5: =SUMIFS(Backlog!$G$2:$G$53,Backlog!$C$2:$C$53,A5,Backlog!$F$2:$F$53,"Should") | F5: =SUMIFS(Backlog!$G$2:$G$53,Backlog!$C$2:$C$53,A5,Backlog!$F$2:$F$53,"Could") | G5: =SUMIFS(Backlog!$G$2:$G$53,Backlog!$C$2:$C$53,A5,Backlog!$J$2:$J$53,"Done") | H5: =IF(C5=0,"-",G5/C5)
A6: EP-04 Cấu hình camera | B6: =COUNTIFS(Backlog!$C$2:$C$53,A6) | C6: =SUMIFS(Backlog!$G$2:$G$53,Backlog!$C$2:$C$53,A6) | D6: =SUMIFS(Backlog!$G$2:$G$53,Backlog!$C$2:$C$53,A6,Backlog!$F$2:$F$53,"Must") | E6: =SUMIFS(Backlog!$G$2:$G$53,Backlog!$C$2:$C$53,A6,Backlog!$F$2:$F$53,"Should") | F6: =SUMIFS(Backlog!$G$2:$G$53,Backlog!$C$2:$C$53,A6,Backlog!$F$2:$F$53,"Could") | G6: =SUMIFS(Backlog!$G$2:$G$53,Backlog!$C$2:$C$53,A6,Backlog!$J$2:$J$53,"Done") | H6: =IF(C6=0,"-",G6/C6)
A7: EP-05 Người dùng, phân quyền, nhật ký | B7: =COUNTIFS(Backlog!$C$2:$C$53,A7) | C7: =SUMIFS(Backlog!$G$2:$G$53,Backlog!$C$2:$C$53,A7) | D7: =SUMIFS(Backlog!$G$2:$G$53,Backlog!$C$2:$C$53,A7,Backlog!$F$2:$F$53,"Must") | E7: =SUMIFS(Backlog!$G$2:$G$53,Backlog!$C$2:$C$53,A7,Backlog!$F$2:$F$53,"Should") | F7: =SUMIFS(Backlog!$G$2:$G$53,Backlog!$C$2:$C$53,A7,Backlog!$F$2:$F$53,"Could") | G7: =SUMIFS(Backlog!$G$2:$G$53,Backlog!$C$2:$C$53,A7,Backlog!$J$2:$J$53,"Done") | H7: =IF(C7=0,"-",G7/C7)
A8: EP-06 Cảnh báo | B8: =COUNTIFS(Backlog!$C$2:$C$53,A8) | C8: =SUMIFS(Backlog!$G$2:$G$53,Backlog!$C$2:$C$53,A8) | D8: =SUMIFS(Backlog!$G$2:$G$53,Backlog!$C$2:$C$53,A8,Backlog!$F$2:$F$53,"Must") | E8: =SUMIFS(Backlog!$G$2:$G$53,Backlog!$C$2:$C$53,A8,Backlog!$F$2:$F$53,"Should") | F8: =SUMIFS(Backlog!$G$2:$G$53,Backlog!$C$2:$C$53,A8,Backlog!$F$2:$F$53,"Could") | G8: =SUMIFS(Backlog!$G$2:$G$53,Backlog!$C$2:$C$53,A8,Backlog!$J$2:$J$53,"Done") | H8: =IF(C8=0,"-",G8/C8)
A9: EP-07 Nền tảng và sẵn sàng SaaS | B9: =COUNTIFS(Backlog!$C$2:$C$53,A9) | C9: =SUMIFS(Backlog!$G$2:$G$53,Backlog!$C$2:$C$53,A9) | D9: =SUMIFS(Backlog!$G$2:$G$53,Backlog!$C$2:$C$53,A9,Backlog!$F$2:$F$53,"Must") | E9: =SUMIFS(Backlog!$G$2:$G$53,Backlog!$C$2:$C$53,A9,Backlog!$F$2:$F$53,"Should") | F9: =SUMIFS(Backlog!$G$2:$G$53,Backlog!$C$2:$C$53,A9,Backlog!$F$2:$F$53,"Could") | G9: =SUMIFS(Backlog!$G$2:$G$53,Backlog!$C$2:$C$53,A9,Backlog!$J$2:$J$53,"Done") | H9: =IF(C9=0,"-",G9/C9)
A10: Tổng | B10: =SUM(B2:B9) | C10: =SUM(C2:C9) | D10: =SUM(D2:D9) | E10: =SUM(E2:E9) | F10: =SUM(F2:F9) | G10: =SUM(G2:G9) | H10: =IF(C10=0,"-",G10/C10)

Sheet Mốc
A1: Mốc | B1: Số sprint | C1: Số tuần | D1: Điểm kế hoạch | E1: Năng lực | F1: Điểm Done | G1: Tiến độ
A2: M0 – PoC & nền tảng | B2: =COUNTIFS('Kế hoạch sprint'!$B$5:$B$14,A2) | C2: =B2*2 | D2: =SUMIFS(Backlog!$G$2:$G$53,Backlog!$I$2:$I$53,A2) | E2: =SUMIFS('Kế hoạch sprint'!$D$5:$D$14,'Kế hoạch sprint'!$B$5:$B$14,A2) | F2: =SUMIFS(Backlog!$G$2:$G$53,Backlog!$I$2:$I$53,A2,Backlog!$J$2:$J$53,"Done") | G2: =IF(D2=0,"-",F2/D2)
A3: M1 – Alpha | B3: =COUNTIFS('Kế hoạch sprint'!$B$5:$B$14,A3) | C3: =B3*2 | D3: =SUMIFS(Backlog!$G$2:$G$53,Backlog!$I$2:$I$53,A3) | E3: =SUMIFS('Kế hoạch sprint'!$D$5:$D$14,'Kế hoạch sprint'!$B$5:$B$14,A3) | F3: =SUMIFS(Backlog!$G$2:$G$53,Backlog!$I$2:$I$53,A3,Backlog!$J$2:$J$53,"Done") | G3: =IF(D3=0,"-",F3/D3)
A4: M2 – Beta pilot | B4: =COUNTIFS('Kế hoạch sprint'!$B$5:$B$14,A4) | C4: =B4*2 | D4: =SUMIFS(Backlog!$G$2:$G$53,Backlog!$I$2:$I$53,A4) | E4: =SUMIFS('Kế hoạch sprint'!$D$5:$D$14,'Kế hoạch sprint'!$B$5:$B$14,A4) | F4: =SUMIFS(Backlog!$G$2:$G$53,Backlog!$I$2:$I$53,A4,Backlog!$J$2:$J$53,"Done") | G4: =IF(D4=0,"-",F4/D4)
A5: M3 – GA | B5: =COUNTIFS('Kế hoạch sprint'!$B$5:$B$14,A5) | C5: =B5*2 | D5: =SUMIFS(Backlog!$G$2:$G$53,Backlog!$I$2:$I$53,A5) | E5: =SUMIFS('Kế hoạch sprint'!$D$5:$D$14,'Kế hoạch sprint'!$B$5:$B$14,A5) | F5: =SUMIFS(Backlog!$G$2:$G$53,Backlog!$I$2:$I$53,A5,Backlog!$J$2:$J$53,"Done") | G5: =IF(D5=0,"-",F5/D5)
